email,user_id,subscription_id,name,created_at
kristine79@hotmail.com,94073,141109,Alicia Martinez,1326927624
averywilliam@yahoo.com,99464,130784,Emma Hall,1049731450
nburgess@robinson.com,38006,178393,Jessica Nelson,1174011689
kennethhatfield@gutierrez-evans.net,82167,118053,Christopher Stevens,1506784116
benjaminsweeney@marsh-hamilton.com,79557,124363,Andrew Garcia,1301112324
david08@burns.com,64696,108267,Rebecca Finley,1417162826
kyle36@hotmail.com,55945,121652,Kim Taylor,1332872778
hardyjulie@hotmail.com,32530,165862,Jonathan Le,1325908979
mhamilton@parsons.net,64111,127867,Dakota Lewis,1045512801
brittany24@james.com,76589,152587,Angela Wilson,1254477946
patrickcoleman@yahoo.com,21919,184663,Steven Wang,1248040449
cynthiariley@gmail.com,33804,183725,Rachel Osborne,1008806649
solisbrian@randolph.com,35872,104608,Jacob Thomas,1083109965
tbrown@jenkins-simon.info,24997,145331,Jordan Lewis,1437251804
lucasandrew@houston.com,15694,114442,Tiffany Tucker,1151073060
bsmith@graham-fletcher.com,7533,172065,Sierra Alvarez,1325435459
gail82@pugh.com,38646,127785,Rebecca Holland,1377658003
lscott@hotmail.com,3335,163361,Megan Schwartz,1383995314
robin63@conrad.biz,44989,180305,Michael Hicks,1202138647
caleb22@bowen.com,74684,114317,Mr. Dale Floyd,1243973362
hhorn@gmail.com,13417,131372,William Jones,1136726406
helencamacho@hotmail.com,37524,112093,Christine Dougherty,1132543489
megan89@gmail.com,49298,136900,Tanya Owens,1371752200
youngtiffany@davis-peters.net,76521,143543,Rebecca Martinez,960548120
saratyler@mitchell.net,7054,117271,Grant Wilson,1395370425
weissian@castro.net,23153,103121,Cheryl Reyes,1443117891
karinazamora@gmail.com,12885,157835,Joseph Jones,966290131
parkerrebecca@yahoo.com,98426,110253,Maria Lewis,1016886311
hross@miller-thomas.net,3672,124347,Jeffrey Sullivan,1191614768
martinmichelle@allen-yates.info,38955,199274,Janice House,1292944322
tammyhansen@yates.com,83775,185075,Malik Summers,1151478410
gconner@yahoo.com,22771,109977,Maxwell Lopez,1279614380
wesleytran@lin.com,39711,110227,Kimberly Martinez,1426286970
clairegay@gmail.com,23017,107495,Jeanette Rivera,1450289161
adavis@knight.com,56040,114717,Janet Vasquez,1028326629
james53@gmail.com,26407,177201,Jonathan Hogan,1289561219
frobles@martinez.com,43599,105529,Dr. Nicholas Moore,1347838990
kelly48@ryan.com,1909,114138,Timothy Stephens,1479726729
burkebrian@gmail.com,89239,168400,Ariana Smith,1067712472
lkidd@hawkins.com,49836,104585,Michael Turner,1419653450
lisa99@ferrell.com,56292,155524,Jessica Morrow,1131798834
sarahlong@yahoo.com,37453,110019,Nicholas Cunningham,1126389591
rodriguezchristopher@rivera.com,19890,135951,Angela Ramos,1065744668
reedalexis@ferguson.net,44842,128139,Sean Gibson,1455379489
cassandra66@young.com,67094,126189,Kelly Davis,1298861720
mcgeechristopher@gray.com,79028,186434,Scott Shaw,1314506371
melissabrown@yahoo.com,71637,162534,Dwayne Carter,1188113368
james23@coleman.com,31423,193048,Brittany Nelson,1404873541
jillcaldwell@yahoo.com,12035,100186,Melissa Sullivan,1405573869
patricia65@thompson-salinas.org,76380,158840,Jeffrey Kim,1451838442
nthornton@campbell.com,60237,159706,Eric Cruz,981757633
steven45@white-cunningham.com,3927,151056,Jennifer Jones,1399130298
adamsrobert@lee.biz,92479,184932,Katie Perez,1303767379
jerome40@miller.biz,58264,122967,Kaitlyn Freeman,1254948870
monroejohn@hotmail.com,69409,172609,Brandi Soto,1067409670
david97@hotmail.com,99959,198804,Michaela Murphy,1186177609
ywilson@hotmail.com,86382,169914,Amy Wiggins,1111021954
richard68@hatfield-phillips.com,8014,107822,Laurie Garcia,1452255790
dennisjones@estrada.net,72348,104133,Judith Meyer,1348248601
jessicabarnett@hines.org,19869,122693,Tyler Smith,1410611952
kelly85@yahoo.com,22212,178229,Angela Lopez,1143795886
bethany56@benson-blackburn.com,30301,186886,Sarah Garcia,1014125417
xlandry@doyle-martin.com,8767,168673,Stephen Vasquez,956574852
fsantana@reynolds.org,6390,122471,Steven Ward,952173644
hjones@yahoo.com,83720,110076,Jennifer Garcia,1130218079
fwalters@watts.biz,30171,175624,Jessica King,1116922803
peter22@smith.biz,51162,152265,Kurt Gonzales,1377856294
ellisjennifer@savage.com,54689,168150,Michelle Donovan,1314668230
matthew82@hotmail.com,55453,160849,Austin Williams,1486823859
sanchezmichael@hotmail.com,97548,177272,Kimberly Delgado,1510245832
mware@rose.org,56983,118647,Carol Bell,1466806326
brittanysmith@griffin.com,53870,107684,Madison Torres,1002830995
sedwards@campos-george.com,39371,151147,Stephanie Moss,1472701161
mooreryan@yahoo.com,38835,137968,Melissa Stewart,1231284736
edwardskathryn@banks.com,18797,151958,Justin Anderson,1311033359
fwilliams@yahoo.com,40407,145617,Samuel Larson,1491663937
jenniferlynch@yahoo.com,78122,120842,Stacey Hoffman,1294276510
weaverrichard@roberts.net,57575,118048,Dwayne Cunningham,1178046768
sean43@rodgers-hamilton.com,87172,190932,Trevor Hunter,1301471487
ojordan@williams.com,77551,112185,Ashley Young,994207741
murrayjessica@johnson.info,12876,195124,Taylor Marks,979651841
leealexander@gmail.com,57285,116283,Juan Gordon,1022341322
ysandoval@yahoo.com,99879,165612,Donald Flores,1504564462
vgillespie@yahoo.com,78895,128258,Dorothy Walter,1431005474
rothfrederick@williams.com,9925,166690,Dwayne Lee,1197594997
stephaniesmith@duran-turner.com,83175,133511,Meredith Peters,1430650699
jburgess@morales.com,83135,164314,William Monroe,1474759375
gregg21@morgan-dean.org,35590,121800,Shari Carroll,1455086840
cwilson@yahoo.com,22662,140358,Monica Walker,982342798
fosterbianca@watson.com,31587,198277,Brooke David,1485726351
martinezdouglas@hughes.com,94496,127448,Joshua Stanton,1503764330
deborah74@gmail.com,77871,132223,Jennifer Baker,1015746415
austin44@hotmail.com,94994,199804,John Grant,961632671
davisashley@burnett.info,36016,171672,Mr. David Morris DDS,1327917837
joan88@hotmail.com,77293,115082,Diane Thomas,1009689451
vwilson@hotmail.com,75762,172143,Emily Park,1083417962
amandamontgomery@martin.info,39149,183221,Joseph Hines,1201121800
jared87@yahoo.com,2181,108752,Candice Munoz,1214795232
laura70@hotmail.com,81437,112928,Lisa Saunders,1200858060
claudiahammond@lee-davis.com,4612,142415,Shirley Hernandez,1215477569
elizabeth61@hotmail.com,84283,176584,Jose Warner,992107046
tmoses@gmail.com,46034,142842,Jennifer Smith,1341916429
abowen@gmail.com,58636,118034,Jonathan Villanueva DVM,1126330473
maria88@hotmail.com,32432,142115,Laurie Myers,1505775988
dennismartinez@malone.com,97386,173234,Tina Washington,1450169934
richard48@yahoo.com,78911,160008,Matthew Shelton,1086498965
brianchristian@gmail.com,82601,100449,Nicole Reed MD,1282814948
palmersteven@pope-martin.com,56281,117343,Michael Harris,1224187191
kyle36@gmail.com,28315,126380,David Logan,1031305643
gnewton@gmail.com,60912,176591,David Anderson,1022664722
michael47@yahoo.com,45683,137213,Samantha Smith,1417427761
eholder@thomas-leon.info,6911,144118,Austin Maxwell,1184699668
danielledorsey@yahoo.com,14521,102170,Paul Sanchez,988381427
gedwards@avery.com,82963,195071,Morgan Clark,1472072600
matthewjones@johnson.net,79902,129306,Samuel Petersen,1342414180
walkeramy@murphy-riley.biz,99451,178417,Jeff Johnson,1301696380
trevor83@yahoo.com,20191,122530,Corey Ortiz,1114635559
jonesphillip@gmail.com,52572,130739,Patricia Sullivan,1332128742
santosalex@vaughan-johnston.com,75946,126922,Nicole Harper,1150526189
robinsonmichael@yahoo.com,94171,185295,Robert Powell,1120400066
ambersanchez@hotmail.com,26853,146497,Brandon Powell,1174857996
danielle90@hotmail.com,92899,107987,Roger Allen,950260680
blevinsashley@yahoo.com,93076,185625,Larry Rhodes,1209260162
deanna08@morton.com,86906,120297,Tiffany Wilson,1136897572
ljohnson@gmail.com,10128,106192,Angela Davila,992934878
josebruce@gmail.com,67299,170286,Amber Torres,1197816705
earlperez@willis.com,33836,192263,Mrs. Nancy Gomez,1370389337
howardkaren@christensen.biz,93958,124438,Andrew Barber,1193876781
scott73@cooper-marks.com,80084,192529,Sandra Brown,1365492489
abrown@hansen.org,38387,101435,Erin Taylor,1035300046
amber83@mejia.net,7973,198090,Robert Bennett,1496653770
calvarez@berry-lee.com,60582,131270,Nicole Ortega,1018735974
patriciajohnson@gmail.com,55250,139390,Nicholas Bryant,1143171551
amy31@miles-lee.com,12463,181400,Joshua Ford,1067822965
frazierjennifer@yahoo.com,35922,123400,Joseph Ingram,1369226506
weissbenjamin@harris-english.org,98682,104273,Jessica Wood,1443336456
ashleymacias@jenkins.net,65062,113415,Nancy Boyd,1226992905
joseph07@gmail.com,95614,136268,Michael Maxwell,1055232576
donaldreid@yahoo.com,12654,164936,Norma Jones,1310297419
sandra99@murray-landry.com,50070,195894,Shannon Jacobs,1460312783
donna67@hotmail.com,36161,169173,Chad Simpson,1434694972
elizabethmathews@figueroa.net,75249,180043,Sandra Colon,1369963461
yanderson@lee-wilson.info,64882,120960,Melissa Jones,1111867534
kschmidt@yahoo.com,5491,194888,Laura Shaw,1026401605
millerbrittany@gray.org,86765,117895,Michelle Alvarado,1049124065
elaine89@morris.com,80501,122571,Joshua Watts,1090452940
salasdiana@powell.com,36157,191813,Jenna Sanders,1148417360
ireynolds@yahoo.com,25438,195196,Holly Goodwin,1125001649
gmills@hotmail.com,92028,190984,Brenda Moon,1440784514
sklein@christian.com,90819,135298,Justin Hanson,1478070439
ugamble@mclaughlin-peters.com,55057,133443,Carla Allen,1353813025
llee@yahoo.com,38332,172871,Joshua Edwards,1164662964
ckelly@long-meadows.net,88671,128411,Tiffany Lucas,1063313134
idiaz@medina.com,47698,122035,Sean White,950189656
epatrick@hotmail.com,30517,114080,Mr. Jason Davis,1126276139
westes@yahoo.com,83828,129421,Carolyn Barker,1034296765
brownbrian@yahoo.com,8281,174852,Mark Kirby,1507337084
lisa46@lewis.com,31954,152061,James Melendez,1100586070
timothyconway@hotmail.com,10450,167483,Susan Perez,1088046545
ryan55@mayer.com,8595,169917,Donald Brewer,1230997488
yhall@hotmail.com,88058,180889,Michelle Koch,1447185787
natashamorton@yahoo.com,31865,157277,Nicholas Lynch,1277637350
elizabeth15@jones-roberson.biz,10365,148405,Jeremy Garcia,1188716855
andrew60@lynn.com,61229,158631,Dr. Stephen Lewis MD,1372727818
qgonzalez@yahoo.com,56488,168955,Jasmine Dean,1511263007
clarkjoseph@hotmail.com,968,124065,Cameron Newman,1395033475
dylanbrown@gmail.com,66813,109029,Kevin Johnston,1175393924
pevans@joyce.biz,60410,151543,Kimberly Bowen,1119377917
jameslong@cline-fleming.com,99002,159275,Justin Kennedy,1237938058
xpeterson@green-ford.com,21951,111080,Catherine Evans,1476415012
danielpatterson@hotmail.com,35248,162496,Matthew Vargas,1174819139
ureyes@rowe-schneider.com,58964,190226,Sharon Hawkins,1083250687
ijones@riley.com,80394,153798,James Gardner,1134329146
mhensley@roy-smith.info,45733,194051,Olivia Newton,1311635626
anna84@hotmail.com,36101,101279,Stephanie Cardenas,1066418350
ksteele@stevenson.com,84424,147243,Matthew Lopez,1020264408
murphydana@moon.com,3252,116526,Mrs. Brandy Holland,1131098708
schmidtaustin@sampson.com,47096,104991,Mario Garcia,1246232213
zachary18@yahoo.com,84249,123902,Elizabeth Leblanc,965304219
jross@yahoo.com,46499,173667,Daniel Ho,1503908103
fbailey@hotmail.com,24203,124328,Kenneth Clark,1161272126
josephmunoz@hotmail.com,10958,150516,Kevin Ingram,1335826609
john90@rodriguez.com,29031,150487,Logan Valdez,1159229819
joseandrews@gmail.com,12509,133707,Bethany Mcmillan DDS,1208404339
adam25@gmail.com,89002,198897,Justin Sanders,1086783559
jodimcdonald@cowan-johnson.com,91375,150663,Lindsay Richards,1085143856
jameshenry@hill.info,60051,130112,Jesus Cummings,1504444707
sanfordjessica@gmail.com,11177,160707,Ryan Monroe,1033766022
patrickwilkins@miller-mahoney.com,96971,198646,Debra Bell,1004177774
mark10@gmail.com,73568,138009,Troy Potts,1275070685
dustin91@hotmail.com,64626,164099,Kim Russell,1080570119
mark03@thompson-watkins.biz,48724,152003,Mary Williams,1183434090
barbara18@hotmail.com,29695,167855,Carlos Adams,1197852531
william19@hotmail.com,28078,143198,Benjamin Reed,1224409348
greenericky@baxter.com,63556,172883,Thomas Newman,1381055063
masonpeter@thomas.biz,97243,160204,Tiffany Gallegos,1463939905
xortiz@hill.com,89946,181631,Joshua Lopez,1504860353
jeanetteking@hotmail.com,72468,131340,Michael Parsons,1030879084
kelly49@hardy-mitchell.com,44067,117330,Marisa Kelly,1331245863
christopher78@gmail.com,48716,126448,Jason Santiago,1507913084
mariaedwards@morales-pearson.biz,18918,121685,Melissa Bryant,1245153438
nwilliams@yahoo.com,77919,131386,Brian Wright,993858639
michellejohnson@hotmail.com,35272,135416,Jenna Smith,1452946186
kbrown@ortiz-mcdonald.biz,82363,141416,Luke Gonzalez,1343771026
mary39@davis.com,17651,180909,Kim Beard,1255193433
dawsonryan@gmail.com,22688,189493,Nathan Carter,991303882
oreyes@gmail.com,25373,197673,Martin Stewart,969830433
chelsey07@gmail.com,45358,144841,Andrew Pittman,1443562864
simpsonmarie@farmer.info,95715,151265,Don Andrews,1103322083
william53@hotmail.com,27708,164076,Melissa Mora,1354013554
fknox@moore.com,63976,147524,Timothy Hayes,1038116643
iwilson@weaver.org,71158,151557,Kaitlyn Odonnell,1263525543
danielstephanie@hotmail.com,98903,157870,Kari Hughes,1196757717
ryanburke@yahoo.com,38538,130322,Joseph Lynch,1223022483
lrivera@gmail.com,24199,144200,Anthony Mills,1467121841
simmonsangela@acosta.com,51918,124566,Samuel Terry,964418718
hnunez@beck.com,87014,121823,Michael Williams,1403247307
henryalexander@fletcher.net,70095,188372,Cameron Harrison,1455072210
mackashley@yahoo.com,85736,193003,Austin Hill,1302972614
gregory68@yahoo.com,57145,167674,Michael Haynes,1412821777
greenmaria@cummings.net,23183,109468,Crystal Smith,1059897925
ngomez@hall-holmes.com,16253,180751,Rachel Landry,1276422499
robertpeterson@swanson-stanley.com,44826,131185,Michael Flynn,1340604089
monica35@yahoo.com,62364,121007,Mario Perez,1247411195
murrayderek@wallace.net,95847,152553,Carlos Kennedy,1154299395
ronald67@price-cordova.com,58680,110312,Juan Walters,1154488403
jefffreeman@owen.org,19545,143583,Angel Wright,1246278768
hbartlett@thompson-murray.net,10959,156416,David Davis,1411809827
pamela15@gmail.com,72529,127801,Robert Berg,1367143529
pparker@gray.com,32722,119163,Sara Mccormick,1402467694
heatherjohnson@robinson.com,46928,174490,Kelly Williams,1476611984
dakotapowers@gmail.com,60544,135887,Jeffrey Burns,1390274152
kevin39@yahoo.com,6195,104405,Michelle Mccoy,1227927851
adamskristina@cunningham-bates.biz,71732,131711,Mary Peck,985189887
awilson@wilson.com,74452,112607,Andrew Hicks,1453380727
amanda52@yahoo.com,13746,141990,Patricia Murillo,1283887462
mrasmussen@davis-ewing.com,56166,129807,George Rice,1081352570
james50@sanders-martinez.org,88651,160492,Joseph Owen,1377804031
tammynorton@gmail.com,4295,102385,Teresa Schaefer,1048596881
sean85@bell.biz,22339,198894,Douglas Sparks,1265943454
samantha88@robinson.org,57410,197091,Kathy Fields,1143036457
sierracamacho@diaz.info,3508,158848,Debra Gray,1083109528
taylorrodney@ward.com,9196,142254,Monica Smith,1239718392
timothyvilla@moore.com,12888,199997,Gina Beck,1508036247
hartpatrick@clark.biz,19891,156962,Dakota Jordan,1037321147
floreskevin@waller.com,73040,173262,Wayne Reynolds,1258738690
acaldwell@hotmail.com,45527,143695,Crystal Rodriguez,1018128425
jennifersummers@heath.biz,45702,125736,Shelby Cox,1492177665
curtis37@lopez-roberts.info,64288,154037,Dawn Vance,1340011598
wooderica@mayo-shields.info,33331,179175,Lisa Adkins,1154687159
kjennings@hotmail.com,62765,134506,Adam Welch,1117777059
johnhoover@hotmail.com,85793,198002,Casey Weaver,1435059868
matthewcastillo@gmail.com,48671,126839,Derek Dyer,1501898951
chernandez@bowers-bradshaw.org,79492,164868,Levi Lawson,1432245953
meganmiller@hotmail.com,30674,162693,Robin Murphy,1346952788
rodneyalvarez@diaz.org,98258,166983,Crystal Jackson,1032963174
joserodriguez@yahoo.com,81772,177678,Jeff Gardner,1220195629
natalie52@gardner-tucker.com,55302,181549,James Carter,992205487
gabrielwelch@compton-horton.com,37913,123570,Amanda Norris,1248795374
bruce22@yahoo.com,25224,166182,Kim Lucas,1272306469
petersonamber@manning.com,81005,159686,Adriana Mckinney,1491868549
jthomas@haynes-jackson.com,47192,113308,Rebecca Vance,1441304141
anthonywatkins@rodriguez-simpson.com,45607,186728,William Riggs,1161942882
thomas08@robbins.com,91339,133506,Anna Wood,1221297299
charlesgary@white.biz,71724,149158,Jared Williams,1012989675
johnbrown@cruz-marshall.com,48397,106023,Haley Aguilar,1512971021
michael96@yahoo.com,96738,105601,Lauren Crane,1448436506
ngarcia@gmail.com,46040,110359,Tammy Berg,1298729618
allenrodney@gray.com,84218,171647,Karen Hernandez,1028393545
villegasariel@yahoo.com,23305,136254,Kristin Miller,1450579208
zmooney@hotmail.com,22524,157989,Patricia Nguyen,1267929635
barberjose@chen.com,18720,178173,Austin Evans,1138032748
greenjack@clark.biz,24849,187060,Samuel Hernandez,1192577012
lballard@gmail.com,77593,185549,Maria Warren,1211568033
paigemayo@gmail.com,76852,152420,Frank Higgins,1110203130
ejohnson@james.info,59751,123941,Kyle Hopkins,1179268110
fdavis@christian.com,80287,136413,Margaret Barajas,1095527050
xjackson@yahoo.com,20953,156104,Leah Ewing,1482434711
alee@hotmail.com,94558,184649,Andrew Miller,1074424981
smithjoseph@johnson.net,60511,154448,Brian Bell,1292590050
jose36@miller.info,76808,139113,Karen Garcia,1319777327
morsebrittany@yahoo.com,82552,171459,Michelle Reed,1331712320
millermitchell@clayton.com,17410,168233,Dustin Hayes,1261772498
erinbrown@beasley.com,70438,106014,Theresa Quinn,1027679858
brian54@yahoo.com,21916,105809,Sheila Long,1105771006
jimenezryan@gmail.com,61725,171541,Crystal Foster,1278424063
danielpatrick@hotmail.com,2253,120520,Jon Cline,1513835330
mckeecharles@ruiz-anderson.com,85512,143350,Brianna Williams,1098372104
garnerheather@moore-scott.com,35420,139836,Amanda Hancock,1306044278
joseph85@singh.biz,95729,183774,Ryan Jones,1160727470
christine65@shields-villanueva.com,31768,150194,Alan Perez,1100964944
gshields@yahoo.com,57527,115208,Christina Kramer,994816594
stephenwhite@mcdaniel.com,12521,134686,Maria Faulkner,1369026094
james69@gmail.com,13267,110187,Eric Ferguson,1445135711
lisa47@butler.net,30526,111826,Matthew Wiley,1453331317
dwinters@ramirez.org,80709,172141,Donna Navarro,1409410878
zhill@mendoza.com,89478,191053,Amy Murray,1066151084
heathersmith@holmes-gonzalez.com,70563,148946,Nancy Moore,1301253950
hpayne@massey-lewis.info,35433,127910,Patrick Kline,1233110718
jessicaross@yahoo.com,26613,151704,John Castillo,1197196992
zachary00@goodwin.com,26704,136092,April Ward,1040134544
todd92@johnson-huerta.com,26783,142472,James Harvey,1312308628
gtanner@davis-adams.com,89236,107468,Samuel Stevens,1256780581
sgonzalez@patel.net,38870,138850,Kelly Martinez,1147623145
eallison@hotmail.com,66887,117834,Curtis Huerta,1212188644
gwilliamson@tran.com,56564,139455,Megan Chase,1079444971
schwartzstephen@young-gonzalez.biz,47873,155668,Robin Diaz,959601615
westvanessa@davies.com,35389,113025,Richard Brown,1343495669
davismanuel@yahoo.com,13650,104717,Brett Brown Jr.,1395977883
gregorymcclain@wilkinson-kennedy.net,59726,159445,William Jennings,1284831884
millerbenjamin@gmail.com,23398,132632,Gina Walls DVM,1231369326
sharonmccoy@gmail.com,46006,163783,Jennifer Hall,1119352666
nbaker@rose.com,96372,184352,Victoria Roberts,1146526354
wsteele@hudson-webb.com,60971,104846,Andrea Rogers,1341844427
ashleythomas@gmail.com,10971,130248,Angela Silva,1102830041
lisa14@lin.info,96910,164280,Holly Hall,1100915871
derek44@rodriguez-callahan.com,91680,112886,Wendy Morris,994056480
patrick09@yahoo.com,54414,178185,Shelley Perez,994514357
hthomas@hotmail.com,54379,125931,Karen Davis,1402196508
scott09@yahoo.com,4428,130844,Diana George,959656187
mary93@stewart.com,55280,183247,Kevin Lopez,1475986010
danielle17@gmail.com,75215,103147,Sydney Roberts,1331723608
hudsonrandy@gmail.com,61731,165297,David Griffin,1389247763
sjohnson@adams-spencer.info,10902,182189,Veronica Allen,1415898124
louishall@gmail.com,98558,181169,Antonio Flores,1142291757
callen@gmail.com,54081,171777,James Chan,982811569
rhall@becker.com,20543,174311,Tara Lara,969684329
jclark@hotmail.com,73837,196454,Kenneth Campbell,997385107
mariothomas@gmail.com,68147,177556,Lisa Nichols,950204089
johnbarker@phillips.biz,3324,151180,Pamela Boyd,1155319710
christopherweaver@gmail.com,36638,191178,Sonya Johnson,1471025764
ijohnston@simpson.com,73356,133172,Shawna Carter DVM,979149593
jacobbrown@hotmail.com,9469,182216,Matthew Smith,1165785147
ladams@warren.net,16679,146006,Johnathan Walker,1364630648
dhenderson@sampson.com,66860,188739,Michelle Brady,1139279325
blakekristine@hotmail.com,23964,174721,Terri Howard,1189143549
robersonashley@james.com,7791,111157,Kristine Wilson,1502255425
sylviathompson@levy-collins.net,74750,109768,Kimberly Christian,1475075030
donaldcarter@yahoo.com,87867,118342,Jasmine Leon,1343567109
cameronsantiago@pope.com,26670,168849,Mr. John Rodriguez,1294408058
iramirez@hotmail.com,20679,151123,James Wilson,1140262856
zlynch@gmail.com,46060,120204,Brendan Rodriguez,1094044516
freemanapril@douglas.com,67269,185469,Mark Proctor,1278652406
bcopeland@gonzalez.info,8587,101400,Cynthia Mcfarland,1183576330
nicolemclaughlin@yahoo.com,43089,178373,Emily Hobbs,1475879250
wrightkatherine@gmail.com,39481,104347,Jennifer Crawford,1385003384
sharonnunez@hotmail.com,46882,155179,Gloria Porter,1514512575
ljefferson@gmail.com,79092,124094,Sandra King,1220915985
cesarhayes@hotmail.com,14454,129553,Erica Blake,1441691842
bonillajames@gmail.com,69894,150447,Hannah Clark,1487775645
marilynbranch@yahoo.com,74179,106045,Tyler Ryan,1202537087
john48@price.com,78734,111250,Anna Lawrence,1159780534
stephaniejohnson@yahoo.com,49476,187730,Marilyn Ho,1095409669
rebeccaestrada@yahoo.com,85088,188519,Ms. Laurie Turner,1355996999
youngbrooke@gmail.com,10378,171429,Chelsea Matthews,1126897395
stephaniebishop@williams-west.com,24166,118003,Robert Palmer,1443205118
beverlyjefferson@cervantes-hale.com,18597,187903,Jeffrey Williams,981004043
schultzpamela@johnson.info,12543,134109,Bryan Wilson,1501059187
jcarroll@carroll-hogan.com,23348,186161,Brian Roberts,1495761748
angela43@wolf.com,36548,179223,Timothy Sanchez,1331553512
yvonne29@davis-humphrey.com,5794,115520,Jonathan Miller,1229157127
annstone@jones.com,98570,157949,James Mueller,1278607815
zhangvalerie@dickson.com,71299,105188,Daniel Jacobs,1486514153
rbishop@hotmail.com,30041,109210,Joyce Brown,1136462379
erin56@jimenez.com,89179,116865,Ryan Thompson,1308532252
jeffrey22@smith.biz,17475,171565,Diane Parks,1490672597
johnbrown@yahoo.com,60241,170486,Cheryl Page,1258936593
huntapril@gmail.com,78154,189647,Brenda Norman,1315140157
bridget29@harrison.org,12219,117963,Zoe Thomas,1158288711
samantha85@hotmail.com,79889,119995,Mr. Tony Le,1086577150
jamesstephens@yahoo.com,76090,165910,James Salazar,1071872349
adam07@gmail.com,48839,115444,Katie Kent,1167976951
uhall@holder.biz,81809,182277,Wayne Ramos,1145200189
wbrown@hotmail.com,19670,179199,Tiffany Rowland,1045375236
yrivera@yahoo.com,61459,120011,Patricia Turner,1023782100
linda25@stanton-cortez.com,58265,131823,Samuel Williams,992766635
bbauer@wright-webb.com,65748,178584,Shannon Munoz,1491249779
jacob54@gmail.com,48899,141178,Eugene Macdonald,1442513468
lawrencesoto@christian.com,31567,123496,Christine Obrien,1107710606
kevin60@gmail.com,61376,133579,Larry Glover,1013534311
joshua72@cruz-cobb.info,61299,133678,Russell Dougherty,1182937544
david21@hotmail.com,45484,129512,Miss Karen Roman MD,1288648799
jasongrant@white.com,52975,183131,Renee Oliver,1467338236
randallcatherine@carpenter.org,54766,132119,Joshua Trevino,952602285
cochrandavid@yahoo.com,33799,165985,Steven White,1450693815
scottray@hotmail.com,20859,108056,Tina Hester,1203140859
jesusmata@yahoo.com,61187,112364,Michelle Johnson,1340546186
brett97@yahoo.com,4305,103624,Ashley Brewer,980398600
cathy54@gallegos.com,13880,138089,Harold Harmon,982209077
ngarcia@gmail.com,29104,179381,Corey Howe,1357207693
christophercook@gmail.com,68958,117480,Kevin Lopez,1472997025
pgarza@hotmail.com,92237,156870,Andrea Williams,1064041012
richard78@yahoo.com,83534,138360,Scott Rivera,1235337866
kinggail@gmail.com,14905,134839,Kimberly Hughes,1010116349
laura15@gmail.com,92491,142480,Kurt Lee,1360979839
vickie16@gomez.org,1258,109190,Chase Hall,994112654
taylorlawson@hotmail.com,22610,179135,Nicholas Walker,1485563398
james12@mcdonald-fitzpatrick.biz,48350,155548,Christian Velez,1510791267
jimmy68@gmail.com,58080,128529,Jeffery Perez,1514360331
rmoore@williams.com,34215,193438,Leonard Sanchez,1320758611
odaniel@yahoo.com,24688,182640,Michael Holland,1371069406
chad47@ford.com,20977,126982,Jennifer Beasley,957709567
coxjose@smith-lee.net,76718,196295,Raymond Shaw,1245549570
kevinmoyer@sutton.com,51707,185798,Sarah Gutierrez,1010460337
jessicawilson@mckay-horne.com,23142,157041,Crystal Middleton,998216074
bowenstephanie@edwards.com,85752,136453,Timothy Fields,1278752806
kathleen55@johnson-roberts.com,42281,184052,Kevin Perez,1421796237
christopher97@lee-baker.com,38665,190684,John Oneal,1256550567
pjacobs@gmail.com,5351,161816,Victor Johnson,1140257553
robin06@wells.com,43666,129525,Carrie Pollard DVM,1405940262
tyang@yahoo.com,79077,132977,Michael Robinson,1384462341
adam16@hotmail.com,74099,172000,Alyssa Porter,1045080868
marytran@yahoo.com,37434,134604,Mackenzie Bates,1259299826
hroman@gmail.com,11299,151458,Dale Mcmahon,949039951
kaitlyncross@adams.com,815,183532,Emily Ward,1328665390
lori63@salazar.net,72670,172230,Valerie Thompson,1425827250
racheladams@pace-hamilton.info,52037,138307,Mary Johnson,1508576452
pmiranda@miller-conner.org,22616,134097,Karen Lewis,1365349106
hwise@williams-anderson.net,1293,124159,Joshua Armstrong,1458230437
katie46@yahoo.com,89705,113222,Leah May,1107363406
nicole63@yahoo.com,22475,115106,Christopher Haynes,1008197386
eric75@yahoo.com,85068,117076,Diana Bennett,1042689241
mariahester@yahoo.com,59168,195936,Albert Thomas,1417707446
johndrake@hotmail.com,73833,134800,Amber Castillo,1207805645
jennifer28@gmail.com,21097,123862,Cynthia Morton,1055187738
vperez@jensen.com,47849,123615,Steven Bennett,1224355737
wustephanie@williams.biz,46746,120369,Julia Baker,1233622497
